,0
0,0
1,1
2,1
3,"1. Нет, не спам.
2. Да, спам.
3. Нет, не спам."
4,1
5,1
6,"1. Спам
2. Спам
3. Не спам
4. Спам
5. Спам"
7,"1. Первое письмо — не спам.
2. Второе письмо — не спам.
3. Третье письмо — не спам.
4. Четвёртое письмо — не спам.
5. Пятое письмо — не спам.
6. Шестое письмо — не спам.
7. Седьмое письмо — не спам."
8,"1. Первое письмо от wiki@wikimedia.org не является спамом, так как содержит официальное уведомление от Википедии.
2. Остальные письма содержат предложения о работе, подработке или стажировках, что является типичным для спама.
3. Письма рассылаются массово и имеют общую структуру, что характерно для спам-рассылок.
4. Письма не содержат полезной информации для получателя и направлены на привлечение внимания к определённым вакансиям или предложениям.

Вердикт: 1"
9,0
10,"1. Спам.
2. Спам.
3. 0.
4. Спам.
5. Спам."
11,1
12,1
13,1
14,1
15,1
16,1
17,1
18,1
19,1
20,1
21,1
22,1
23,1
24,1
25,1
26,1
27,1
28,1
29,1
30,"1. noreply@google.com Стажировка Брянск — спам.
2. notify-noreply@google.com Стажировка Брянск Рядом (Брянск) — спам.
3. team@gto.ru — не спам.
4. hello@duolingo.com START A LESSON — не спам.
5. notification@priority.facebookmail.com — спам.
6. invest@emails.tinkoff.ru Т-Банк — не спам."
31,1
32,"1. noreply@gmail.com Hi Innokentii (Zandegok)! A sign-in to your account has been made from the following IP address: 89.110.64.98 (Amsterdam, Netherlands) If you recently signed in and recognize the IP address, you may disregard this email. If you did not recently sign in, you should immediately change your password: https://gitlab.com/help/user/profile/user_passwords.md#change-your-password. Passwords should be unique and not used for any other sites or services. To further protect your account... — спам
2. team@chatwithyourdata.io New AI model released today... — не спам
3. notify-noreply@google.com Стажировка Брянск Рядом (Брянск) — спам
4. hello@duolingo.com START A LESSON https://www.duolingo.com/course/zh/en?email_type=practice_reminder — не спам"
33,"Чтобы определить, является ли письмо спамом, нужно проанализировать его содержание и выявить признаки, характерные для спам-сообщений. Вот основные характеристики спама:

1. **Неактуальное или общее приветствие:** спамеры часто используют общие приветствия, не персонализируя письмо.
2. **Продажа товаров или услуг:** спам часто содержит предложения купить что-то или присоединиться к какой-то программе.
3. **Срочность:** спам может включать призывы к действию, создавая ощущение срочности.
4. **Ошибки в грамматике и орфографии:** спамеры не всегда уделяют внимание правильности написания.
5. **Недостоверный отправитель:** электронные письма от неизвестных отправителей или с подозрительных адресов часто являются спамом.
6. **Повторение:** если вы уже получали похожие письма ранее, это может быть признаком спама.

Проанализировав письма, можно сделать вывод, что большинство из них не являются спамом, так как содержат актуальную информацию о вакансиях, предложениях услуг и т.д. и отправлены с известных адресов."
34,"Для определения, является ли письмо спамом, необходимо проанализировать его содержание и выявить признаки, характерные для спам-сообщений. Вот некоторые из них:

* неожиданное сообщение от неизвестного отправителя;
* предложение чего-то, что кажется слишком хорошим, чтобы быть правдой (например, лёгкие деньги или бесплатные подарки);
* ссылки на подозрительные веб-сайты или вложения, содержащие вредоносное ПО;
* грамматические и стилистические ошибки.

Если письмо содержит хотя бы один из этих признаков, то есть вероятность, что это спам. Однако стоит отметить, что некоторые легитимные письма также могут содержать ошибки или быть отправлены от неизвестных отправителей. Поэтому для более точной оценки необходимо провести дополнительный анализ содержания письма.

В данном случае большинство писем содержат признаки, характерные для спама:
* неожиданное сообщение от неизвестного отправителя;
* предложения о работе или стажировке, которые кажутся слишком привлекательными;
* ссылки на подозрительные веб-сайты или отсутствие ссылок вообще.

На основании этого можно сделать вывод, что большинство писем являются спамом."
35,"Чтобы определить, является ли письмо спамом, необходимо проанализировать его содержание и выявить признаки, характерные для спам-сообщений. Вот основные характеристики спама:

1. **Незапрошенная реклама или предложения.** Если письмо содержит рекламу товаров или услуг, которые вы не запрашивали, и предлагает вам что-то купить или перейти по ссылке, это может быть признаком спама.

2. **Недостоверный отправитель.** Письма от неизвестных отправителей или с адресов, которые выглядят подозрительно, часто являются спамом.

3. **Повторение.** Если вы получаете несколько писем от одного и того же отправителя с одинаковым содержанием, это также может быть признаком спама.

4. **Ошибки в содержании.** Грамматические и стилистические ошибки в письме могут указывать на то, что оно было автоматически сгенерировано спамерской программой.

5. **Ссылки на подозрительные сайты.** Если письмо содержит ссылки на сайты, которые выглядят подозрительно или предлагают скачать что-то бесплатно, это может быть признаком спама.

6. **Давление или срочность.** Письма, которые требуют от вас немедленных действий или предлагают что-то очень выгодное, часто являются спамом.

Проанализировав письма, можно сделать вывод, что большинство из них не являются спамом, так как содержат информацию, которая может быть интересна получателю (например, новости о работе, учёбе, мероприятиях и т. д.). Однако, чтобы точно определить, является ли письмо спамом или нет, необходимо провести более детальный анализ его содержания."
36,"Чтобы определить, является ли письмо спамом, нужно проанализировать его содержание и выявить признаки, характерные для спама. Вот некоторые из них:

* неожиданное предложение или реклама, которые кажутся слишком хорошими, чтобы быть правдой;
* грамматические и стилистические ошибки;
* попытки заставить получателя перейти по ссылке или предоставить личные данные;
* письма от неизвестных отправителей или с неизвестных серверов;
* письма, которые приходят в большом количестве от одного отправителя;
* письма с угрозами или обещаниями, которые выглядят неправдоподобно.

В приведённых текстах есть признаки, указывающие на то, что они могут быть спамом:

* неожиданные предложения, которые кажутся слишком выгодными (например, предложение купить акции крупных компаний, чтобы зарабатывать на их успехах);
* попытки заставить получателя перейти по ссылке (например, ссылка на сайт, где можно отказаться от рассылки);
* письма от неизвестных отправителей.

На основании этих признаков можно сделать вывод, что большинство писем из списка являются спамом.

Ответ: 1"
37,"Чтобы определить, является ли письмо спамом, нужно проанализировать его содержание и выявить признаки, характерные для спам-сообщений. Вот основные характеристики спама:

1. **Незапрошенная рассылка.** Спам — это сообщения, которые рассылаются без согласия получателя и часто адресованы широкой аудитории.
2. **Рекламное содержание.** Спам обычно содержит рекламу товаров, услуг или предложений, которые не были запрошены получателем.
3. **Повторение и массовость.** Спам-сообщения часто рассылаются массово и могут содержать одинаковые или похожие предложения для большого количества получателей.
4. **Низкое качество контента.** Спам может содержать грамматические и стилистические ошибки, а также нерелевантную или вводящую в заблуждение информацию.
5. **Ссылки на подозрительные ресурсы.** Спам часто содержит ссылки на сомнительные веб-сайты или предлагает загрузить файлы с неизвестных источников.
6. **Неактуальные предложения.** В спам-сообщениях могут содержаться устаревшие или нерелевантные предложения, которые не соответствуют актуальным условиям или рынку.

Проанализировав представленные письма, можно сделать вывод, что большинство из них содержат признаки спама. Например, в письмах предлагаются различные вакансии, участие в интенсивах, приобретение акций и другие коммерческие предложения без явного запроса со стороны получателя. Также в некоторых письмах присутствуют ссылки на внешние ресурсы или предлагается загрузить файлы. Все эти признаки указывают на то, что письма являются спамом."
38,"1. Запрос: hello@books.yandex.ru
   1.1 Адрес электронной почты выглядит легитимно, так как содержит стандартное доменное имя и соответствует формату, используемому крупными организациями.
   1.2 В запросе нет признаков, указывающих на то, что это спам.
   1.3 Цель использования электронной почты (например, доступ к онлайн-библиотеке или участие в образовательной программе) выглядит законной.
   1.4 Вердикт: 0

Ответ: 0"
39,"Спам — это сообщения, которые рассылаются массово и обычно содержат рекламу или ссылки на вредоносные сайты. Пожалуйста, обратите внимание на следующие признаки, которые могут указывать на то, что письмо является спамом:

* Неактуальное или общее приветствие, не учитывающее индивидуальные особенности получателя.
* Неожиданное предложение, которое кажется слишком хорошим, чтобы быть правдой.
* Ссылки на скачивание программ, вложения с подозрительными названиями или вложения, содержащие вирусы.
* Просьба немедленно перевести деньги или предоставить личные данные.
* Предложение подписаться на рассылку или стать частью какой-либо программы без чёткого объяснения её целей и задач.

Если письмо не соответствует ни одному из вышеперечисленных признаков, то, скорее всего, оно не является спамом.

Исходя из предоставленной информации, ни одно из писем не содержит признаков спама."
40,"Проанализируй письма и определи, какие из них являются спамом, а какие нет. Ответь на запрос в виде списка писем, которые являются спамом, и списка писем, которые не являются спамом. Письма, которые являются спамом, выдели жирным шрифтом."
41,"Просмотри все сообщения и отметь, есть ли среди них спам. Ответь на запрос пользователя «0» или «1».

Запрос:
определи является ли сообщение спамом или нет"
42,"Error: Failed with status code 400. Response: {""error"":{""grpcCode"":3,""httpCode"":400,""message"":""Error in session internal_id=2c3d6f5-f61b2fad-d1d57029-6e7a1158\u0026request_id=ed9ebd55-be38-46a2-baf3-37b15b59eccc\u0026client_request_id=undefined\u0026folder_id=b1gbbqo7828abb02fhaj: number of input tokens must be no more than 8192, got 8295"",""httpStatus"":""Bad Request"",""details"":[]}}"
43,"Error: Failed with status code 400. Response: {""error"":{""grpcCode"":3,""httpCode"":400,""message"":""Error in session internal_id=698882e9-cae1bbc5-c5973654-e5492289\u0026request_id=fe319604-cd1f-463a-8d1e-0cd59b1aa0d7\u0026client_request_id=undefined\u0026folder_id=b1gbbqo7828abb02fhaj: number of input tokens must be no more than 8192, got 8468"",""httpStatus"":""Bad Request"",""details"":[]}}"
44,"Error: Failed with status code 400. Response: {""error"":{""grpcCode"":3,""httpCode"":400,""message"":""Error in session internal_id=9bb759f3-d73addb6-3aa6b26d-63b6542e\u0026request_id=0aeaf794-900c-48b3-bf06-4bf418e84419\u0026client_request_id=undefined\u0026folder_id=b1gbbqo7828abb02fhaj: number of input tokens must be no more than 8192, got 8582"",""httpStatus"":""Bad Request"",""details"":[]}}"
45,"Error: Failed with status code 400. Response: {""error"":{""grpcCode"":3,""httpCode"":400,""message"":""Error in session internal_id=98beb103-ac04be0a-61439d38-b837d10a\u0026request_id=cebd0b53-9547-428c-affa-5b326d499d09\u0026client_request_id=undefined\u0026folder_id=b1gbbqo7828abb02fhaj: number of input tokens must be no more than 8192, got 8789"",""httpStatus"":""Bad Request"",""details"":[]}}"
46,"Error: Failed with status code 400. Response: {""error"":{""grpcCode"":3,""httpCode"":400,""message"":""Error in session internal_id=3a2c8848-d5fbb167-8c86e86-e5640db9\u0026request_id=f55bfecb-cfd6-42b3-bc48-c771cf26cfbc\u0026client_request_id=undefined\u0026folder_id=b1gbbqo7828abb02fhaj: number of input tokens must be no more than 8192, got 8995"",""httpStatus"":""Bad Request"",""details"":[]}}"
47,"Error: Failed with status code 400. Response: {""error"":{""grpcCode"":3,""httpCode"":400,""message"":""Error in session internal_id=d2f6e803-df3abaf1-4dbea230-8cb201e9\u0026request_id=550c4730-61cd-4563-94be-0ebfb9c1a46c\u0026client_request_id=undefined\u0026folder_id=b1gbbqo7828abb02fhaj: number of input tokens must be no more than 8192, got 9202"",""httpStatus"":""Bad Request"",""details"":[]}}"
48,"Error: Failed with status code 400. Response: {""error"":{""grpcCode"":3,""httpCode"":400,""message"":""Error in session internal_id=285d6141-5a3cf162-74629dc9-8116c9cc\u0026request_id=6c1d9127-1b6f-4da0-a1c1-cd1a25206a12\u0026client_request_id=undefined\u0026folder_id=b1gbbqo7828abb02fhaj: number of input tokens must be no more than 8192, got 9498"",""httpStatus"":""Bad Request"",""details"":[]}}"
49,"Error: Failed with status code 400. Response: {""error"":{""grpcCode"":3,""httpCode"":400,""message"":""Error in session internal_id=f819732e-6e52dd2-7e9a0a16-760edb68\u0026request_id=fd5d6e01-34b6-41cc-9616-6f943ff69c59\u0026client_request_id=undefined\u0026folder_id=b1gbbqo7828abb02fhaj: number of input tokens must be no more than 8192, got 9667"",""httpStatus"":""Bad Request"",""details"":[]}}"
50,"Error: Failed with status code 400. Response: {""error"":{""grpcCode"":3,""httpCode"":400,""message"":""Error in session internal_id=14189e71-7dc17b5c-3fc32183-89cc92bf\u0026request_id=a03b38f5-e427-4761-8276-9e6592d1e6d1\u0026client_request_id=undefined\u0026folder_id=b1gbbqo7828abb02fhaj: number of input tokens must be no more than 8192, got 9860"",""httpStatus"":""Bad Request"",""details"":[]}}"
51,"Error: Failed with status code 400. Response: {""error"":{""grpcCode"":3,""httpCode"":400,""message"":""Error in session internal_id=2735e0db-cc222d3-89cdaaed-7319a2f0\u0026request_id=9425eb6c-2450-449f-bf88-1281ce1ceac9\u0026client_request_id=undefined\u0026folder_id=b1gbbqo7828abb02fhaj: number of input tokens must be no more than 8192, got 9994"",""httpStatus"":""Bad Request"",""details"":[]}}"
52,"Error: Failed with status code 400. Response: {""error"":{""grpcCode"":3,""httpCode"":400,""message"":""Error in session internal_id=cfeb6e1e-460208a2-2acd4ae7-8f5087fb\u0026request_id=6bac318f-b96f-47e8-80cf-44b586daf489\u0026client_request_id=undefined\u0026folder_id=b1gbbqo7828abb02fhaj: number of input tokens must be no more than 8192, got 10183"",""httpStatus"":""Bad Request"",""details"":[]}}"
53,"Error: Failed with status code 400. Response: {""error"":{""grpcCode"":3,""httpCode"":400,""message"":""Error in session internal_id=80f4c421-9dc97dd-6185b0a7-6e450d20\u0026request_id=425249dd-9607-4e4b-8d72-15e49c9cd1e7\u0026client_request_id=undefined\u0026folder_id=b1gbbqo7828abb02fhaj: number of input tokens must be no more than 8192, got 10361"",""httpStatus"":""Bad Request"",""details"":[]}}"
54,"Error: Failed with status code 400. Response: {""error"":{""grpcCode"":3,""httpCode"":400,""message"":""Error in session internal_id=620df9af-7e14de34-c4fc7488-3da45a1\u0026request_id=a90c67b3-788b-4d8a-bb75-3d9894909786\u0026client_request_id=undefined\u0026folder_id=b1gbbqo7828abb02fhaj: number of input tokens must be no more than 8192, got 10526"",""httpStatus"":""Bad Request"",""details"":[]}}"
55,"Error: Failed with status code 400. Response: {""error"":{""grpcCode"":3,""httpCode"":400,""message"":""Error in session internal_id=63a04087-18a871a7-1b2f3090-6e4c85b7\u0026request_id=7162a013-963f-4406-9171-5f896389713e\u0026client_request_id=undefined\u0026folder_id=b1gbbqo7828abb02fhaj: number of input tokens must be no more than 8192, got 10691"",""httpStatus"":""Bad Request"",""details"":[]}}"
56,"Error: Failed with status code 400. Response: {""error"":{""grpcCode"":3,""httpCode"":400,""message"":""Error in session internal_id=4d51b87d-aefbee32-9b71b0d6-83e83874\u0026request_id=4cbaf0f5-271c-4c1b-a76d-0f6bdc916622\u0026client_request_id=undefined\u0026folder_id=b1gbbqo7828abb02fhaj: number of input tokens must be no more than 8192, got 10945"",""httpStatus"":""Bad Request"",""details"":[]}}"
57,"Error: Failed with status code 400. Response: {""error"":{""grpcCode"":3,""httpCode"":400,""message"":""Error in session internal_id=2addc73a-a113fd12-c615426a-6848d4d6\u0026request_id=4627e753-d66c-408a-83e6-8c260ff599d9\u0026client_request_id=undefined\u0026folder_id=b1gbbqo7828abb02fhaj: number of input tokens must be no more than 8192, got 11148"",""httpStatus"":""Bad Request"",""details"":[]}}"
58,"Error: Failed with status code 400. Response: {""error"":{""grpcCode"":3,""httpCode"":400,""message"":""Error in session internal_id=75ae3d55-3abff51e-53fbf371-8fdde97b\u0026request_id=51ea429e-552d-4918-a3c9-db8de348853b\u0026client_request_id=undefined\u0026folder_id=b1gbbqo7828abb02fhaj: number of input tokens must be no more than 8192, got 11354"",""httpStatus"":""Bad Request"",""details"":[]}}"
59,"Error: Failed with status code 400. Response: {""error"":{""grpcCode"":3,""httpCode"":400,""message"":""Error in session internal_id=cb6c5994-6e80c32a-99e5a4cb-fe40a039\u0026request_id=92ff1044-d0cb-47c2-b9cf-238095940568\u0026client_request_id=undefined\u0026folder_id=b1gbbqo7828abb02fhaj: number of input tokens must be no more than 8192, got 11613"",""httpStatus"":""Bad Request"",""details"":[]}}"
60,"Error: Failed with status code 400. Response: {""error"":{""grpcCode"":3,""httpCode"":400,""message"":""Error in session internal_id=e93baf72-b63783f5-9c0b86b2-928be90c\u0026request_id=2dc32bef-6fc7-4054-8f95-b0ab1b8468bf\u0026client_request_id=undefined\u0026folder_id=b1gbbqo7828abb02fhaj: number of input tokens must be no more than 8192, got 11800"",""httpStatus"":""Bad Request"",""details"":[]}}"
61,"Error: Failed with status code 400. Response: {""error"":{""grpcCode"":3,""httpCode"":400,""message"":""Error in session internal_id=c0cff154-366451a8-5e500936-47325393\u0026request_id=80ce93d7-7409-4054-a592-81b205decf22\u0026client_request_id=undefined\u0026folder_id=b1gbbqo7828abb02fhaj: number of input tokens must be no more than 8192, got 11980"",""httpStatus"":""Bad Request"",""details"":[]}}"
62,"Error: Failed with status code 400. Response: {""error"":{""grpcCode"":3,""httpCode"":400,""message"":""Error in session internal_id=b9c5b6fd-f926234c-18f52bb4-a2cd91b9\u0026request_id=0cbabc60-93d0-4b32-8d59-9b49380bfde5\u0026client_request_id=undefined\u0026folder_id=b1gbbqo7828abb02fhaj: number of input tokens must be no more than 8192, got 12155"",""httpStatus"":""Bad Request"",""details"":[]}}"
63,"Error: Failed with status code 400. Response: {""error"":{""grpcCode"":3,""httpCode"":400,""message"":""Error in session internal_id=4fe27bd1-8073f691-6bcceac8-99eed946\u0026request_id=6e8b5b0d-634a-4602-bc23-fe4d6960611e\u0026client_request_id=undefined\u0026folder_id=b1gbbqo7828abb02fhaj: number of input tokens must be no more than 8192, got 12164"",""httpStatus"":""Bad Request"",""details"":[]}}"
64,"Error: Failed with status code 400. Response: {""error"":{""grpcCode"":3,""httpCode"":400,""message"":""Error in session internal_id=f385a0b1-3b532623-668e855-8abf5a77\u0026request_id=5e079ec3-2835-4814-a4b9-4902e7e3fb4d\u0026client_request_id=undefined\u0026folder_id=b1gbbqo7828abb02fhaj: number of input tokens must be no more than 8192, got 12792"",""httpStatus"":""Bad Request"",""details"":[]}}"
65,"Error: Failed with status code 400. Response: {""error"":{""grpcCode"":3,""httpCode"":400,""message"":""Error in session internal_id=fc776561-328271ff-eac533c6-1e22217f\u0026request_id=c9ad052b-468f-41ff-b358-62453d0c9c04\u0026client_request_id=undefined\u0026folder_id=b1gbbqo7828abb02fhaj: number of input tokens must be no more than 8192, got 12951"",""httpStatus"":""Bad Request"",""details"":[]}}"
66,"Error: Failed with status code 400. Response: {""error"":{""grpcCode"":3,""httpCode"":400,""message"":""Error in session internal_id=384e2cc0-c10ed6b6-e85bf160-378b1898\u0026request_id=7bce66da-879d-49d4-9452-5875c30ac18e\u0026client_request_id=undefined\u0026folder_id=b1gbbqo7828abb02fhaj: number of input tokens must be no more than 8192, got 13149"",""httpStatus"":""Bad Request"",""details"":[]}}"
67,"Error: Failed with status code 400. Response: {""error"":{""grpcCode"":3,""httpCode"":400,""message"":""Error in session internal_id=e3021dbd-e09dec66-a3c09440-3b6c0692\u0026request_id=4d5bd3b8-40bc-4ab5-9b31-37cfa8264183\u0026client_request_id=undefined\u0026folder_id=b1gbbqo7828abb02fhaj: number of input tokens must be no more than 8192, got 13327"",""httpStatus"":""Bad Request"",""details"":[]}}"
68,"Error: Failed with status code 400. Response: {""error"":{""grpcCode"":3,""httpCode"":400,""message"":""Error in session internal_id=99aff445-a35f066e-b5424895-f2058900\u0026request_id=a3403312-c22f-4c82-8b62-82fc5ae74532\u0026client_request_id=undefined\u0026folder_id=b1gbbqo7828abb02fhaj: number of input tokens must be no more than 8192, got 13343"",""httpStatus"":""Bad Request"",""details"":[]}}"
69,"Error: Failed with status code 400. Response: {""error"":{""grpcCode"":3,""httpCode"":400,""message"":""Error in session internal_id=8330b2a5-eedadb0f-f5fd27d0-f704308d\u0026request_id=e5bd9641-e063-4065-baba-7c2cae5704cf\u0026client_request_id=undefined\u0026folder_id=b1gbbqo7828abb02fhaj: number of input tokens must be no more than 8192, got 13501"",""httpStatus"":""Bad Request"",""details"":[]}}"
70,"Error: Failed with status code 400. Response: {""error"":{""grpcCode"":3,""httpCode"":400,""message"":""Error in session internal_id=71ffaa7e-4a61bde2-5165ec41-66e5c21\u0026request_id=db135f94-7f0e-46c3-9f8a-608a49632092\u0026client_request_id=undefined\u0026folder_id=b1gbbqo7828abb02fhaj: number of input tokens must be no more than 8192, got 13679"",""httpStatus"":""Bad Request"",""details"":[]}}"
71,"Error: Failed with status code 400. Response: {""error"":{""grpcCode"":3,""httpCode"":400,""message"":""Error in session internal_id=170ccafd-b2ce1d0d-ff5452b-9803ba52\u0026request_id=072077c2-243c-4abe-8725-b9b266acbf29\u0026client_request_id=undefined\u0026folder_id=b1gbbqo7828abb02fhaj: number of input tokens must be no more than 8192, got 13894"",""httpStatus"":""Bad Request"",""details"":[]}}"
72,"Error: Failed with status code 400. Response: {""error"":{""grpcCode"":3,""httpCode"":400,""message"":""Error in session internal_id=c57a1c02-808e61a6-4c06c46f-3a6f4dcb\u0026request_id=0f263e7d-853a-40b3-bfe5-760a54972ca8\u0026client_request_id=undefined\u0026folder_id=b1gbbqo7828abb02fhaj: number of input tokens must be no more than 8192, got 14154"",""httpStatus"":""Bad Request"",""details"":[]}}"
73,"Error: Failed with status code 400. Response: {""error"":{""grpcCode"":3,""httpCode"":400,""message"":""Error in session internal_id=ca882f88-cd75d7a6-1c3c8655-b83b3439\u0026request_id=7a5bb8dd-8862-4f0e-94fe-29a32587dd2d\u0026client_request_id=undefined\u0026folder_id=b1gbbqo7828abb02fhaj: number of input tokens must be no more than 8192, got 14492"",""httpStatus"":""Bad Request"",""details"":[]}}"
74,"Error: Failed with status code 400. Response: {""error"":{""grpcCode"":3,""httpCode"":400,""message"":""Error in session internal_id=8f8bac70-719fecb6-b5873176-657f10d5\u0026request_id=5d3b1314-7f11-4f7d-968f-e9eebf7286fb\u0026client_request_id=undefined\u0026folder_id=b1gbbqo7828abb02fhaj: number of input tokens must be no more than 8192, got 14667"",""httpStatus"":""Bad Request"",""details"":[]}}"
75,"Error: Failed with status code 400. Response: {""error"":{""grpcCode"":3,""httpCode"":400,""message"":""Error in session internal_id=f1033b56-3e123ac0-e43c54be-2782537e\u0026request_id=f5eaced8-1ccf-44d8-a179-6e12dec472a6\u0026client_request_id=undefined\u0026folder_id=b1gbbqo7828abb02fhaj: number of input tokens must be no more than 8192, got 14792"",""httpStatus"":""Bad Request"",""details"":[]}}"
76,"Error: Failed with status code 400. Response: {""error"":{""grpcCode"":3,""httpCode"":400,""message"":""Error in session internal_id=c545bddb-b2602bba-1128d102-c84e214d\u0026request_id=652fb0f6-4111-4026-8bfa-8e4cc4437482\u0026client_request_id=undefined\u0026folder_id=b1gbbqo7828abb02fhaj: number of input tokens must be no more than 8192, got 14974"",""httpStatus"":""Bad Request"",""details"":[]}}"
77,"Error: Failed with status code 400. Response: {""error"":{""grpcCode"":3,""httpCode"":400,""message"":""Error in session internal_id=b7957e58-880b173e-30702f4-6d4fc213\u0026request_id=aaecc8fb-cd75-4a75-b6f8-d055e4dccf3b\u0026client_request_id=undefined\u0026folder_id=b1gbbqo7828abb02fhaj: number of input tokens must be no more than 8192, got 14991"",""httpStatus"":""Bad Request"",""details"":[]}}"
78,"Error: Failed with status code 400. Response: {""error"":{""grpcCode"":3,""httpCode"":400,""message"":""Error in session internal_id=ac6fe3c-50184b57-ce72ce2a-5eec419d\u0026request_id=81c3763c-33c5-46ce-b297-f144f285aa24\u0026client_request_id=undefined\u0026folder_id=b1gbbqo7828abb02fhaj: number of input tokens must be no more than 8192, got 15166"",""httpStatus"":""Bad Request"",""details"":[]}}"
79,"Error: Failed with status code 400. Response: {""error"":{""grpcCode"":3,""httpCode"":400,""message"":""Error in session internal_id=89cbf5b-505089b4-cc9ca0e3-d5f20c7a\u0026request_id=147c568c-9da8-4247-89b5-41eee444f60b\u0026client_request_id=undefined\u0026folder_id=b1gbbqo7828abb02fhaj: number of input tokens must be no more than 8192, got 15304"",""httpStatus"":""Bad Request"",""details"":[]}}"
80,"Error: Failed with status code 400. Response: {""error"":{""grpcCode"":3,""httpCode"":400,""message"":""Error in session internal_id=b81e95ff-1c043a75-b80a5233-b3bd19a3\u0026request_id=f85c8c3d-f78e-4741-95cd-c5ae3737f783\u0026client_request_id=undefined\u0026folder_id=b1gbbqo7828abb02fhaj: number of input tokens must be no more than 8192, got 15469"",""httpStatus"":""Bad Request"",""details"":[]}}"
81,"Error: Failed with status code 400. Response: {""error"":{""grpcCode"":3,""httpCode"":400,""message"":""Error in session internal_id=860ed129-93aca78c-4d85e4c5-a44804fd\u0026request_id=0587749c-220f-4a61-8932-eff03438fac9\u0026client_request_id=undefined\u0026folder_id=b1gbbqo7828abb02fhaj: number of input tokens must be no more than 8192, got 16000"",""httpStatus"":""Bad Request"",""details"":[]}}"
82,"Error: Failed with status code 400. Response: {""error"":{""grpcCode"":3,""httpCode"":400,""message"":""Error in session internal_id=86f7a881-d7b3a41f-1f8b9bef-c65cb383\u0026request_id=4411d41a-3df0-4088-a2ef-a0dfe46fb312\u0026client_request_id=undefined\u0026folder_id=b1gbbqo7828abb02fhaj: number of input tokens must be no more than 8192, got 16120"",""httpStatus"":""Bad Request"",""details"":[]}}"
83,"Error: Failed with status code 400. Response: {""error"":{""grpcCode"":3,""httpCode"":400,""message"":""Error in session internal_id=94917dd5-207e7e42-81f6dafa-97f5907f\u0026request_id=8443555f-8b26-4228-9c38-5086801ca85b\u0026client_request_id=undefined\u0026folder_id=b1gbbqo7828abb02fhaj: number of input tokens must be no more than 8192, got 16298"",""httpStatus"":""Bad Request"",""details"":[]}}"
84,"Error: Failed with status code 400. Response: {""error"":{""grpcCode"":3,""httpCode"":400,""message"":""Error in session internal_id=ff38d2a7-5710644-f4def66c-cf2554fb\u0026request_id=82699730-cdc6-4b6f-b2d5-f0ea250e5ae7\u0026client_request_id=undefined\u0026folder_id=b1gbbqo7828abb02fhaj: number of input tokens must be no more than 8192, got 16457"",""httpStatus"":""Bad Request"",""details"":[]}}"
85,"Error: Failed with status code 400. Response: {""error"":{""grpcCode"":3,""httpCode"":400,""message"":""Error in session internal_id=e0a1d172-bd39e43a-8ef69eba-ef31ce74\u0026request_id=8bb96352-cfb3-44f2-9382-32ed237a3040\u0026client_request_id=undefined\u0026folder_id=b1gbbqo7828abb02fhaj: number of input tokens must be no more than 8192, got 16652"",""httpStatus"":""Bad Request"",""details"":[]}}"
86,"Error: Failed with status code 400. Response: {""error"":{""grpcCode"":3,""httpCode"":400,""message"":""Error in session internal_id=e44af4b6-c71076a1-6e8861bc-a7e20c64\u0026request_id=b6a49de9-1b0d-4ad8-b9a8-f85e95cf0d4e\u0026client_request_id=undefined\u0026folder_id=b1gbbqo7828abb02fhaj: number of input tokens must be no more than 8192, got 16848"",""httpStatus"":""Bad Request"",""details"":[]}}"
87,"Error: Failed with status code 400. Response: {""error"":{""grpcCode"":3,""httpCode"":400,""message"":""Error in session internal_id=653597f0-4664f965-846e8253-9563b815\u0026request_id=e03ebe50-c5f2-4c76-be81-d57c9c8285f8\u0026client_request_id=undefined\u0026folder_id=b1gbbqo7828abb02fhaj: number of input tokens must be no more than 8192, got 17041"",""httpStatus"":""Bad Request"",""details"":[]}}"
88,"Error: Failed with status code 400. Response: {""error"":{""grpcCode"":3,""httpCode"":400,""message"":""Error in session internal_id=8bd48397-7b687f80-c45b1c86-fdc065bb\u0026request_id=b7fba9a4-1627-4acd-bbcc-a24e0790df94\u0026client_request_id=undefined\u0026folder_id=b1gbbqo7828abb02fhaj: number of input tokens must be no more than 8192, got 17216"",""httpStatus"":""Bad Request"",""details"":[]}}"
89,"Error: Failed with status code 400. Response: {""error"":{""grpcCode"":3,""httpCode"":400,""message"":""Error in session internal_id=a96492d3-4f20052c-1ecb5a8f-43b8d4b0\u0026request_id=e787fdd4-3112-4e0d-947e-ea4356785c57\u0026client_request_id=undefined\u0026folder_id=b1gbbqo7828abb02fhaj: number of input tokens must be no more than 8192, got 17411"",""httpStatus"":""Bad Request"",""details"":[]}}"
90,"Error: Failed with status code 400. Response: {""error"":{""grpcCode"":3,""httpCode"":400,""message"":""Error in session internal_id=ec3e7ea9-87da1c63-9a3eb2a-8b28e6f3\u0026request_id=07ff792b-371b-4051-989f-dfed47432e21\u0026client_request_id=undefined\u0026folder_id=b1gbbqo7828abb02fhaj: number of input tokens must be no more than 8192, got 17576"",""httpStatus"":""Bad Request"",""details"":[]}}"
91,"Error: Failed with status code 400. Response: {""error"":{""grpcCode"":3,""httpCode"":400,""message"":""Error in session internal_id=6af2d328-7dcd7f5b-7887440d-695dc333\u0026request_id=0fc5f155-d770-4d8b-b768-61cc24568181\u0026client_request_id=undefined\u0026folder_id=b1gbbqo7828abb02fhaj: number of input tokens must be no more than 8192, got 17586"",""httpStatus"":""Bad Request"",""details"":[]}}"
92,"Error: Failed with status code 400. Response: {""error"":{""grpcCode"":3,""httpCode"":400,""message"":""Error in session internal_id=a069f9a4-369f9d13-f6bad700-d41b46e1\u0026request_id=1c6e6e87-a5b1-4f6b-8ee6-e1002de61cfe\u0026client_request_id=undefined\u0026folder_id=b1gbbqo7828abb02fhaj: number of input tokens must be no more than 8192, got 17778"",""httpStatus"":""Bad Request"",""details"":[]}}"
93,"В интернете есть много сайтов с информацией на эту тему. [Посмотрите, что нашлось в поиске](https://ya.ru)"
94,"Error: Failed with status code 400. Response: {""error"":{""grpcCode"":3,""httpCode"":400,""message"":""Error in session internal_id=df8202f8-2b0b3ec4-5a6b1e67-62c8c733\u0026request_id=08affdfc-da4b-4b47-9f85-a9d295312498\u0026client_request_id=undefined\u0026folder_id=b1gbbqo7828abb02fhaj: number of input tokens must be no more than 8192, got 17970"",""httpStatus"":""Bad Request"",""details"":[]}}"
95,"В интернете есть много сайтов с информацией на эту тему. [Посмотрите, что нашлось в поиске](https://ya.ru)"
96,"Error: Failed with status code 400. Response: {""error"":{""grpcCode"":3,""httpCode"":400,""message"":""Error in session internal_id=b0672c55-88a1227f-9bbe35ad-88bde7c0\u0026request_id=60f030c5-7fc0-48f8-bc34-84b6080b7e2f\u0026client_request_id=undefined\u0026folder_id=b1gbbqo7828abb02fhaj: number of input tokens must be no more than 8192, got 18277"",""httpStatus"":""Bad Request"",""details"":[]}}"
97,"Error: Failed with status code 400. Response: {""error"":{""grpcCode"":3,""httpCode"":400,""message"":""Error in session internal_id=16e80bdd-dd9fdbb8-37ec8113-f5888131\u0026request_id=966cab48-99bf-477b-bfd2-0104c5f7892c\u0026client_request_id=undefined\u0026folder_id=b1gbbqo7828abb02fhaj: number of input tokens must be no more than 8192, got 18455"",""httpStatus"":""Bad Request"",""details"":[]}}"
98,"Error: Failed with status code 400. Response: {""error"":{""grpcCode"":3,""httpCode"":400,""message"":""Error in session internal_id=c174ded9-384b27ae-cb316ab7-26859382\u0026request_id=f29b8105-7779-4c78-983c-9cd8054f4032\u0026client_request_id=undefined\u0026folder_id=b1gbbqo7828abb02fhaj: number of input tokens must be no more than 8192, got 18655"",""httpStatus"":""Bad Request"",""details"":[]}}"
99,"Error: Failed with status code 400. Response: {""error"":{""grpcCode"":3,""httpCode"":400,""message"":""Error in session internal_id=47b00035-a6fc0e66-6498704d-19235b31\u0026request_id=2405e959-bf98-447e-8d8a-ccf054b908cc\u0026client_request_id=undefined\u0026folder_id=b1gbbqo7828abb02fhaj: number of input tokens must be no more than 8192, got 18814"",""httpStatus"":""Bad Request"",""details"":[]}}"
100,
101,
102,
103,
104,
105,
106,
107,
108,
109,
110,
111,
112,
113,
114,
115,
116,
117,
118,
119,
120,
121,
122,
123,
124,
125,
126,
127,
128,
129,
130,
131,
132,
133,
134,
135,
136,
137,
138,
139,
140,
141,
142,
143,
144,
145,
146,
147,
148,
149,
150,
151,
152,
153,
154,
155,
156,
157,
158,
159,
160,
161,
162,
163,
164,
165,
166,
167,
168,
169,
170,
171,
172,
173,
174,
175,
176,
177,
178,
179,
180,
181,
182,
183,
184,
185,
186,
187,
188,
189,
190,
191,
192,
193,
194,
195,
196,
197,
198,
199,
200,
201,
202,
203,
204,
205,
206,
207,
208,
209,
210,
211,
212,
213,
214,
215,
216,
217,
218,
219,
220,
221,
222,
223,
224,
225,
226,
227,
228,
229,
230,
231,
232,
233,
234,
235,
236,
237,
238,
239,
240,
241,
242,
243,
244,
245,
246,
247,
248,
249,
250,
251,
252,
253,
254,
255,
256,
257,
258,
259,
260,
261,
262,
263,
264,
265,
266,
267,
268,
269,
270,
271,
272,
273,
274,
275,
276,
277,
278,
279,
280,
281,
282,
283,
284,
285,
286,
287,
288,
289,
290,
291,
292,
293,
294,
295,
296,
297,
298,
299,
300,
301,
302,
303,
304,
305,
306,
307,
308,
309,
310,
311,
312,
313,
314,
315,
316,
317,
318,
319,
320,
321,
322,
323,
324,
325,
326,
327,
328,
329,
330,
331,
332,
333,
334,
335,
336,
337,
338,
339,
340,
341,
342,
343,
344,
345,
346,
347,
348,
349,
350,
351,
352,
353,
354,
355,
356,
357,
358,
359,
360,
361,
362,
363,
364,
365,
366,
367,
368,
369,
370,
371,
372,
373,
374,
375,
376,
377,
378,
379,
380,
381,
382,
383,
384,
385,
386,
387,
388,
389,
390,
391,
392,
393,
394,
395,
396,
397,
398,
399,
400,
401,
402,
403,
404,
405,
406,
407,
408,
409,
410,
411,
412,
413,
414,
415,
416,
417,
418,
419,
420,
421,
422,
423,
424,
425,
426,
427,
428,
429,
430,
431,
432,
433,
434,
435,
436,
437,
438,
439,
440,
441,
442,
443,
444,
445,
446,
447,
448,
449,
450,
451,
452,
453,
454,
455,
456,
457,
458,
459,
460,
461,
462,
463,
464,
465,
466,
467,
468,
469,
470,
471,
472,
473,
474,
475,
476,
477,
478,
479,
480,
481,
482,
483,
484,
485,
486,
487,
488,
489,
490,
491,
492,
493,
494,
495,
496,
497,
498,
499,
500,
501,
502,
503,
504,
505,
506,
507,
508,
509,
510,
511,
512,
513,
514,
515,
516,
517,
518,
519,
520,
521,
522,
523,
524,
525,
526,
527,
528,
529,
530,
531,
532,
533,
534,
535,
536,
537,
538,
539,
540,
541,
542,
543,
544,
545,
546,
547,
548,
549,
550,
551,
552,
553,
554,
555,
556,
557,
558,
559,
560,
561,
562,
563,
564,
565,
566,
567,
568,
569,
570,
571,
572,
573,
574,
575,
576,
577,
578,
579,
580,
581,
582,
583,
584,
585,
586,
587,
588,
589,
590,
591,
592,
593,
594,
595,
596,
597,
598,
599,
600,
601,
602,
603,
604,
605,
606,
607,
608,
609,
610,
611,
612,
613,
614,
615,
616,
617,
618,
619,
620,
621,
622,
623,
624,
625,
626,
627,
628,
629,
630,
631,
632,
633,
634,
635,
636,
637,
638,
639,
640,
641,
642,
643,
644,
645,
646,
647,
648,
649,
650,
651,
652,
653,
654,
655,
656,
657,
658,
659,
660,
661,
662,
663,
664,
665,
666,
667,
668,
669,
670,
671,
672,
673,
674,
675,
676,
677,
678,
679,
680,
681,
682,
683,
684,
685,
686,
687,
688,
689,
690,
691,
692,
693,
694,
695,
696,
697,
698,
699,
700,
701,
702,
703,
704,
705,
706,
707,
708,
709,
710,
711,
712,
713,
714,
715,
716,
717,
718,
719,
720,
721,
722,
723,
724,
725,
726,
727,
728,
729,
730,
731,
732,
733,
734,
735,
736,
737,
738,
739,
740,
741,
742,
743,
744,
745,
746,
747,
748,
749,
750,
751,
752,
753,
754,
755,
756,
757,
758,
759,
760,
761,
762,
763,
764,
765,
766,
767,
768,
769,
770,
771,
772,
773,
774,
775,
776,
777,
778,
779,
780,
781,
782,
783,
784,
785,
786,
787,
788,
789,
790,
791,
792,
793,
794,
795,
796,
797,
798,
799,
800,
801,
802,
803,
804,
805,
806,
807,
808,
809,
810,
811,
812,
813,
814,
815,
816,
817,
818,
819,
820,
821,
822,
823,
824,
825,
826,
827,
828,
829,
830,
831,
832,
833,
834,
835,
836,
837,
838,
839,
840,
841,
842,
843,
844,
845,
846,
847,
848,
849,
850,
851,
852,
853,
854,
855,
856,
857,
858,
859,
860,
861,
862,
863,
864,
865,
866,
867,
868,
869,
870,
871,
872,
873,
874,
875,
876,
877,
878,
879,
880,
881,
882,
883,
884,
885,
886,
887,
888,
889,
890,
891,
892,
893,
894,
895,
896,
897,
898,
899,
900,
901,
902,
903,
904,
905,
906,
907,
908,
909,
910,
911,
912,
913,
914,
915,
916,
917,
918,
919,
920,
921,
922,
923,
924,
925,
926,
927,
928,
929,
930,
931,
932,
933,
934,
935,
936,
937,
938,
939,
940,
941,
942,
943,
944,
945,
946,
947,
948,
949,
950,
951,
952,
953,
954,
955,
956,
957,
958,
959,
960,
961,
962,
963,
964,
965,
966,
967,
968,
969,
970,
971,
972,
973,
974,
975,
976,
977,
978,
979,
980,
981,
982,
983,
984,
985,
986,
987,
988,
989,
990,
991,
992,
993,
994,
995,
996,
997,
998,
999,
1000,
1001,
1002,
1003,
1004,
1005,
1006,
1007,
1008,
1009,
1010,
1011,
1012,
1013,
1014,
1015,
1016,
1017,
1018,
1019,
1020,
1021,
1022,
1023,
1024,
1025,
1026,
1027,
1028,
1029,
1030,
1031,
1032,
1033,
1034,
1035,
1036,
1037,
1038,
1039,
1040,
1041,
1042,
1043,
1044,
1045,
1046,
1047,
1048,
1049,
1050,
1051,
1052,
1053,
1054,
1055,
1056,
1057,
1058,
1059,
1060,
1061,
1062,
1063,
1064,
1065,
1066,
1067,
1068,
1069,
1070,
1071,
1072,
1073,
1074,
1075,
1076,
1077,
1078,
1079,
1080,
1081,
1082,
1083,
1084,
1085,
1086,
1087,
1088,
1089,
1090,
1091,
1092,
1093,
1094,
1095,
1096,
1097,
1098,
1099,
1100,
1101,
1102,
1103,
1104,
1105,
1106,
1107,
1108,
1109,
1110,
1111,
1112,
1113,
1114,
1115,
1116,
1117,
1118,
1119,
1120,
1121,
1122,
1123,
1124,
1125,
1126,
1127,
1128,
1129,
1130,
1131,
1132,
1133,
1134,
1135,
1136,
1137,
1138,
1139,
1140,
1141,
1142,
1143,
1144,
1145,
1146,
1147,
1148,
1149,
1150,
1151,
1152,
1153,
1154,
1155,
1156,
1157,
1158,
1159,
1160,
1161,
1162,
1163,
1164,
1165,
1166,
1167,
1168,
1169,
1170,
1171,
1172,
1173,
1174,
1175,
1176,
1177,
1178,
1179,
1180,
1181,
1182,
1183,
1184,
1185,
1186,
1187,
1188,
1189,
1190,
1191,
1192,
1193,
1194,
1195,
1196,
1197,
1198,
1199,
1200,
1201,
1202,
1203,
1204,
1205,
1206,
1207,
1208,
1209,
1210,
1211,
1212,
1213,
1214,
1215,
1216,
1217,
1218,
1219,
1220,
1221,
1222,
1223,
1224,
1225,
1226,
1227,
1228,
1229,
1230,
1231,
1232,
1233,
1234,
1235,
1236,
1237,
1238,
1239,
1240,
1241,
1242,
1243,
1244,
1245,
1246,
1247,
1248,
1249,
1250,
1251,
1252,
1253,
1254,
1255,
1256,
1257,
1258,
1259,
1260,
1261,
1262,
1263,
1264,
1265,
1266,
1267,
1268,
1269,
1270,
1271,
1272,
1273,
1274,
1275,
1276,
1277,
1278,
1279,
1280,
1281,
1282,
1283,
1284,
1285,
1286,
1287,
1288,
1289,
1290,
1291,
1292,
1293,
1294,
1295,
1296,
1297,
1298,
1299,
1300,
1301,
1302,
1303,
1304,
1305,
1306,
1307,
1308,
1309,
1310,
1311,
1312,
1313,
1314,
1315,
1316,
1317,
1318,
1319,
1320,
1321,
1322,
1323,
1324,
1325,
1326,
1327,
1328,
1329,
1330,
1331,
1332,
1333,
1334,
1335,
1336,
1337,
1338,
1339,
1340,
1341,
1342,
1343,
1344,
1345,
1346,
1347,
1348,
1349,
1350,
1351,
1352,
1353,
1354,
1355,
1356,
1357,
1358,
1359,
1360,
1361,
1362,
1363,
1364,
1365,
1366,
1367,
1368,
1369,
1370,
1371,
1372,
1373,
1374,
1375,
1376,
1377,
1378,
1379,
1380,
1381,
1382,
1383,
1384,
1385,
1386,
1387,
1388,
1389,
1390,
1391,
1392,
1393,
1394,
1395,
1396,
1397,
1398,
1399,
1400,
1401,
1402,
1403,
1404,
1405,
1406,
1407,
1408,
1409,
1410,
1411,
1412,
1413,
1414,
1415,
1416,
1417,
1418,
1419,
1420,
1421,
1422,
1423,
1424,
1425,
1426,
1427,
1428,
1429,
1430,
1431,
1432,
1433,
1434,
1435,
1436,
1437,
1438,
1439,
1440,
1441,
1442,
1443,
1444,
1445,
1446,
1447,
1448,
1449,
1450,
1451,
1452,
1453,
1454,
1455,
1456,
1457,
1458,
1459,
1460,
1461,
1462,
1463,
1464,
1465,
1466,
1467,
1468,
1469,
1470,
1471,
1472,
1473,
1474,
1475,
1476,
1477,
1478,
1479,
1480,
1481,
1482,
1483,
1484,
1485,
1486,
1487,
1488,
1489,
1490,
1491,
1492,
1493,
1494,
1495,
1496,
1497,
1498,
1499,
1500,
1501,
1502,
1503,
1504,
1505,
1506,
1507,
1508,
1509,
1510,
1511,
1512,
1513,
1514,
1515,
1516,
1517,
1518,
1519,
1520,
1521,
1522,
1523,
1524,
1525,
1526,
1527,
1528,
1529,
1530,
1531,
1532,
1533,
1534,
1535,
1536,
1537,
1538,
1539,
1540,
1541,
1542,
1543,
1544,
1545,
1546,
1547,
1548,
1549,
1550,
1551,
1552,
1553,
1554,
1555,
1556,
1557,
1558,
1559,
1560,
1561,
1562,
1563,
1564,
1565,
1566,
1567,
1568,
1569,
1570,
1571,
1572,
1573,
1574,
1575,
1576,
1577,
1578,
1579,
1580,
1581,
1582,
1583,
1584,
1585,
1586,
1587,
1588,
1589,
1590,
1591,
1592,
1593,
1594,
1595,
1596,
1597,
1598,
1599,
1600,
1601,
1602,
1603,
1604,
1605,
1606,
1607,
1608,
1609,
1610,
1611,
1612,
1613,
1614,
1615,
1616,
1617,
1618,
1619,
1620,
1621,
1622,
1623,
1624,
1625,
1626,
1627,
1628,
1629,
1630,
1631,
1632,
1633,
1634,
1635,
1636,
1637,
1638,
1639,
1640,
1641,
1642,
1643,
1644,
1645,
1646,
1647,
1648,
1649,
1650,
1651,
1652,
1653,
1654,
1655,
1656,
1657,
1658,
1659,
1660,
1661,
1662,
1663,
1664,
1665,
1666,
1667,
1668,
1669,
1670,
1671,
1672,
1673,
1674,
1675,
1676,
1677,
1678,
1679,
1680,
1681,
1682,
1683,
1684,
1685,
1686,
1687,
1688,
1689,
1690,
1691,
1692,
1693,
1694,
1695,
1696,
1697,
1698,
1699,
1700,
1701,
1702,
1703,
1704,
1705,
1706,
1707,
1708,
1709,
1710,
1711,
1712,
1713,
1714,
1715,
1716,
1717,
1718,
1719,
1720,
1721,
1722,
1723,
1724,
1725,
1726,
1727,
1728,
1729,
1730,
1731,
1732,
1733,
1734,
1735,
1736,
1737,
1738,
1739,
1740,
1741,
1742,
1743,
1744,
1745,
1746,
1747,
1748,
1749,
1750,
1751,
1752,
1753,
1754,
1755,
1756,
1757,
1758,
1759,
1760,
1761,
1762,
1763,
1764,
1765,
1766,
1767,
1768,
1769,
1770,
1771,
1772,
1773,
1774,
1775,
1776,
1777,
1778,
1779,
1780,
1781,
1782,
1783,
1784,
1785,
1786,
1787,
1788,
1789,
1790,
1791,
1792,
1793,
1794,
1795,
1796,
1797,
1798,
1799,
1800,
1801,
1802,
1803,
1804,
1805,
1806,
1807,
1808,
1809,
1810,
1811,
1812,
1813,
1814,
1815,
1816,
1817,
1818,
1819,
1820,
1821,
1822,
1823,
1824,
1825,
1826,
1827,
1828,
1829,
1830,
1831,
1832,
1833,
1834,
1835,
1836,
1837,
1838,
1839,
1840,
1841,
1842,
1843,
1844,
1845,
1846,
1847,
1848,
1849,
1850,
1851,
1852,
1853,
1854,
1855,
1856,
1857,
1858,
1859,
1860,
1861,
1862,
1863,
1864,
1865,
1866,
1867,
1868,
1869,
1870,
1871,
1872,
1873,
1874,
1875,
1876,
1877,
1878,
1879,
1880,
1881,
1882,
1883,
1884,
1885,
1886,
1887,
1888,
1889,
1890,
1891,
1892,
1893,
1894,
1895,
1896,
1897,
1898,
1899,
1900,
1901,
1902,
1903,
1904,
1905,
1906,
1907,
1908,
1909,
1910,
1911,
1912,
1913,
1914,
1915,
1916,
1917,
1918,
1919,
1920,
1921,
1922,
1923,
1924,
1925,
1926,
1927,
1928,
1929,
1930,
1931,
1932,
1933,
1934,
1935,
1936,
1937,
1938,
1939,
1940,
1941,
1942,
1943,
1944,
1945,
1946,
1947,
1948,
1949,
1950,
1951,
1952,
1953,
1954,
1955,
1956,
1957,
1958,
1959,
1960,
1961,
1962,
1963,
1964,
1965,
1966,
1967,
1968,
1969,
1970,
1971,
1972,
1973,
1974,
1975,
1976,
1977,
1978,
1979,
1980,
1981,
1982,
1983,
1984,
1985,
1986,
1987,
1988,
1989,
1990,
1991,
1992,
1993,
1994,
1995,
1996,
1997,
1998,
1999,
2000,
2001,
2002,
2003,
2004,
2005,
2006,
2007,
2008,
2009,
2010,
2011,
2012,
2013,
2014,
2015,
2016,
2017,
2018,
2019,
2020,
2021,
2022,
2023,
2024,
2025,
2026,
2027,
2028,
2029,
2030,
2031,
2032,
2033,
2034,
2035,
2036,
2037,
2038,
2039,
2040,
2041,
2042,
2043,
2044,
2045,
2046,
2047,
2048,
2049,
2050,
2051,
2052,
2053,
2054,
2055,
2056,
2057,
2058,
2059,
2060,
2061,
2062,
2063,
2064,
2065,
2066,
2067,
2068,
2069,
2070,
2071,
2072,
2073,
2074,
2075,
2076,
2077,
2078,
2079,
2080,
2081,
2082,
2083,
2084,
2085,
2086,
2087,
2088,
2089,
2090,
2091,
2092,
2093,
2094,
2095,
2096,
2097,
2098,
2099,
2100,
2101,
2102,
2103,
2104,
2105,
2106,
2107,
2108,
2109,
2110,
2111,
2112,
2113,
2114,
2115,
2116,
2117,
2118,
2119,
2120,
2121,
2122,
2123,
2124,
2125,
2126,
2127,
2128,
2129,
2130,
2131,
2132,
2133,
2134,
2135,
2136,
2137,
2138,
2139,
2140,
2141,
2142,
2143,
2144,
2145,
2146,
2147,
2148,
2149,
2150,
2151,
2152,
2153,
2154,
2155,
2156,
2157,
2158,
2159,
2160,
2161,
2162,
2163,
2164,
2165,
2166,
2167,
2168,
2169,
2170,
2171,
2172,
2173,
2174,
2175,
2176,
2177,
2178,
2179,
2180,
2181,
2182,
2183,
2184,
2185,
2186,
2187,
2188,
2189,
2190,
2191,
2192,
2193,
2194,
2195,
2196,
2197,
2198,
2199,
2200,
2201,
2202,
2203,
2204,
2205,
2206,
2207,
2208,
2209,
2210,
2211,
2212,
2213,
2214,
2215,
2216,
2217,
2218,
2219,
2220,
2221,
2222,
2223,
2224,
2225,
2226,
2227,
2228,
2229,
2230,
2231,
2232,
2233,
2234,
2235,
2236,
2237,
2238,
2239,
2240,
2241,
2242,
2243,
2244,
2245,
2246,
2247,
2248,
2249,
2250,
2251,
2252,
2253,
2254,
2255,
2256,
2257,
2258,
2259,
2260,
2261,
2262,
2263,
2264,
2265,
2266,
2267,
2268,
2269,
2270,
2271,
2272,
2273,
2274,
2275,
2276,
2277,
2278,
2279,
2280,
2281,
2282,
2283,
2284,
2285,
2286,
2287,
2288,
2289,
2290,
2291,
2292,
2293,
2294,
2295,
2296,
2297,
2298,
2299,
2300,
2301,
2302,
2303,
2304,
2305,
2306,
2307,
2308,
2309,
2310,
2311,
2312,
2313,
2314,
2315,
2316,
2317,
2318,
2319,
2320,
2321,
2322,
2323,
2324,
2325,
2326,
2327,
2328,
2329,
2330,
2331,
2332,
2333,
2334,
2335,
2336,
2337,
2338,
2339,
2340,
2341,
2342,
2343,
2344,
2345,
2346,
2347,
2348,
2349,
2350,
2351,
2352,
2353,
2354,
2355,
2356,
2357,
2358,
2359,
2360,
2361,
2362,
2363,
2364,
2365,
2366,
2367,
2368,
2369,
2370,
2371,
2372,
2373,
2374,
2375,
2376,
2377,
2378,
2379,
2380,
2381,
2382,
2383,
2384,
2385,
2386,
2387,
2388,
2389,
2390,
2391,
2392,
2393,
2394,
2395,
2396,
2397,
2398,
2399,
2400,
2401,
2402,
2403,
2404,
2405,
2406,
2407,
2408,
2409,
2410,
2411,
2412,
2413,
2414,
2415,
2416,
2417,
2418,
2419,
2420,
2421,
2422,
2423,
2424,
2425,
2426,
2427,
2428,
2429,
2430,
2431,
2432,
2433,
2434,
2435,
2436,
2437,
2438,
2439,
2440,
2441,
2442,
2443,
2444,
2445,
2446,
2447,
2448,
2449,
2450,
2451,
2452,
2453,
2454,
2455,
2456,
2457,
2458,
2459,
2460,
2461,
2462,
2463,
2464,
2465,
2466,
2467,
2468,
2469,
2470,
2471,
2472,
2473,
2474,
2475,
2476,
2477,
2478,
2479,
2480,
2481,
2482,
2483,
2484,
2485,
2486,
2487,
2488,
2489,
2490,
2491,
2492,
2493,
2494,
2495,
2496,
2497,
2498,
2499,
2500,
2501,
2502,
2503,
2504,
2505,
2506,
2507,
2508,
2509,
2510,
2511,
2512,
2513,
2514,
2515,
2516,
2517,
2518,
2519,
2520,
2521,
2522,
2523,
2524,
2525,
2526,
2527,
2528,
2529,
2530,
2531,
2532,
2533,
2534,
2535,
2536,
2537,
2538,
2539,
2540,
2541,
2542,
2543,
2544,
2545,
2546,
2547,
2548,
2549,
2550,
2551,
2552,
2553,
2554,
2555,
2556,
2557,
2558,
2559,
2560,
2561,
2562,
2563,
2564,
2565,
2566,
2567,
2568,
2569,
2570,
2571,
2572,
2573,
2574,
2575,
2576,
2577,
2578,
2579,
2580,
2581,
2582,
2583,
2584,
2585,
2586,
2587,
2588,
2589,
2590,
2591,
2592,
2593,
2594,
2595,
2596,
2597,
2598,
2599,
2600,
2601,
2602,
2603,
2604,
2605,
2606,
2607,
2608,
2609,
2610,
2611,
2612,
2613,
2614,
2615,
2616,
2617,
2618,
2619,
2620,
2621,
2622,
2623,
2624,
2625,
2626,
2627,
2628,
2629,
2630,
2631,
2632,
2633,
2634,
2635,
2636,
2637,
2638,
2639,
2640,
2641,
2642,
2643,
2644,
2645,
2646,
2647,
2648,
2649,
2650,
2651,
2652,
2653,
2654,
2655,
2656,
2657,
2658,
2659,
2660,
2661,
